ID,Name
134876,CRISTIANORONALD
134870,ex-Guild Esports
134863,Team Next Level
134862,Grannys Knockers
134861,AfterHours
134846,FearFerox
134845,Halal5
134844,AscendX Esports
134843,EVOPLAY
134842,Final Form
134841,Bluekillers
134838,Floki Esport
134837,Kronjyllands Esport
134833,Martians
134832,Blitz
134831,midnights
134830,R8 Esports
134829,VC esport
134828,Baltimore
134827,XO Esports
134826,Onyx Ravens
134825,NoChance
134820,Sheer Conquer
134816,WOPA Esport
134815,RUSTEC
134809,OutGoingeSports
134808,PIG gaming
134807,Holly Molly
134806,CarbonX Esports
134805,straykids
134804,retired demons
134801,jefet
134800,Team PeeP
134784,Samurai
134783,Dexterity
134782,MCS Gaming
134775,Legends
134774,Ascend
134773,F5 Esports
134772,VitaPLUR_gum
134771,Dennys
134770,Brahmas
134769,Amped Esports
134768,BeastBagChasers
134767,Arktos Esports
134766,muninn
134765,LostRecognition
134764,Resurgence
134763,Retirement home
134762,TBA-ECF
134761,Phantoms
134760,ESMAGAB
134759,Denial
134758,EXO
134756,kONO.ECF
134754,Bigetron Fury
134750,DEEZ NUTS
134749,ex-Preasy Esport
134746,FlyQuest
134737,MANGANES
134736,BLESSED
134735,Buenas Tardes
134729,ex-Sprout
134704,AURORA
134695,Illuminar Junior
134692,ex-ESC Gaming
134690,Mikstura1234
134670,VIKINGS KR
134669,zeusgg
134668,ROUX from hell
134667,Magadan
134666,KalekiXer
134665,padaemHolodnie
134664,Legacy Esports
134663,Garuda Wisnu Voyage
134661,E-Town Gaming
134660,Full Kareta
134659,Kappa Borr
134658,Lemoncats
134657,Kario Mart
134656,CSC
134655,UHKA eSports
134654,MST
134653,TopTab Club
134652,LEON
134597,KRÜ Esports
134585,AP Gaming
134584,Cashout Cavaliers
134583,cleanup crew
134582,COVEN
134581,Nouns.fe
134580,WG Bandits
134579,Limitless Angels
134578,GENKID4M4
134577,KG Network Female
134576,NAMELESS
134575,UGANDA
134574,KamKom
134573,Jeeves
134564,ex-Illusion Esports
134557,ex-sYnck
134553,Lotus
134548,Lan Party Hotel
134547,0to100
134543,VexX Gaming
134542,ODDIK Academy
134541,Romanticos
134538,System5
134537,ex-CatEvil
134535,The Neighbours
134531,Salao do Corte
134530,Enigma Esports
134528,Pigeons
134527,Canon Event
134526,Pryde
134525,Dark Matter
134524,Forze Ladies
134523,Fearless Cheetahs
134522,212
134507,SEAW
134506,more whiskey
134505,ex-ENEIDA
134503,DreamsToLegends
134502,Soda Gaming
134496,Born In Far East
134494,LYG Gaming
134457,Part Timers
134456,genetexe
134455,Nordix Esport
134449,G3
134442,SRK
134438,AL-QATRAO
134437,ex-Gucci Academy
134425,501st
134424,tay0taPradiKK
134422,ex-Vex Dragons
134421,2024
134416,Tribe
134415,niisesports
134412,Austrian Force
134405,Vexar
134404,ex-Anonymo Esports
134403,Kitsune Esports
134386,True Rippers
134376,EP Genesis
134373,Golden Sword
134372,OTHERSCANTBEAT
134364,Artemis
134363,RUBY
134360,E9 esports
134359,Chàng Trai Đeo Kính
134358,On Sla2ers
134357,ACME
134355,Galorys
134351,RESILIENCE
134350,Drippy Lab
134349,Troublemakers
134348,SR Nacague
134347,DEWA United
134346,Myth Avenue Gaming
134345,Immunity Apartments
134344,Bad News Kangaroos
134343,m1xx
134342,ALTERNATE aTTaX Evo
134341,FPL Friends
134340,squids
134333,Wanted Goons
134332,Datejust
134331,SlateGG
134330,DoomGG
134329,Legacy
134328,Revenge Nation
134326,Nomatter
134325,PhasmaSquad
134324,happyend1
134323,emeryyCi
134322,Virtuoso Squad
134321,Blue_Lock
134320,aimclub
134319,xGOD-
134317,samaloyod
134316,LEON.BET
134315,RealGamers
134314,sappe
134313,30 Seconds To Win
134312,MIREA x Midnight
134311,2 Dollar Spaghetti
134310,entropik ostrava
134309,NoCryIfLose
134308,Peanut5
134301,Diablos
134300,NuTorious
134299,Kingdom
134298,Lobotomy Gaming
134297,Doodlebob
134296,Wiff Check
134295,do it for zoey
134294,Spooky Squad
134293,jahsdnmasjdm v2
134292,TracksuitGaming
134291,RUNnGUN
134290,Jaguar
134289,KingsOfTheNorth
134288,huge sweaty
134287,BEENdope
134286,FRAUDS
134285,Maximum Ego
134284,eefsports
134283,Ganja Ghouls
134282,CrouchShoot
134281,orbital vsat online
134280,N w G
134279,Team Lampa
134278,Glockwork
134277,Fort Arena
134276,dreamchasers
134275,ex-FLuffy Gangsters
134274,gbcxz
134273,ex-Hot Headed
134272,PIXEL
134271,Tkk esports
134270,DASH
134268,SO5URUU
134267,SayGGTeam
134266,Tseg Taslal
134265,FullT1lt
134264,Chinggis Warriors
134263,Incognito Esports
134262,TyPuCTbl
134261,Copenhagen Wolves
134260,pochinki boys
134259,秽土转生
134258,Bombril 1001
134257,Walkover
134256,Clownfiesta
134255,apa7hy
134254,zespollah
134253,BEZFORMbI
134251,Rebels Gaming
134247,ex-Hype E-Sports
134244,The Winions
134243,101EST
134242,iM Apartments
134241,disciples
134240,500x
134234,HuiTuZhuanSheng
134233,ROTA
134232,XBL
134231,Ink
134229,The Nomads
134228,Bad News Bricks
134227,E-Xolos LAZER
134226,FN PRODUCTIONS
134225,Cloud 10
134224,ViBE Esports
134223,inSanitY
134222,adalYamigos
134221,ex-LRV
134220,NIGERIA 96
134219,Vex Dragons Rising
134218,QuackQuack
134217,supresse
134216,REAL MADRID
134215,francesinha
134214,PrizyvaNet
134199,Never More
134198,jerpajapojat
134197,SSX
134196,EC Kostroma
134195,NextUp
134194,b52team
134193,TEAM MAXX
134192,SigmatiX Esports
134191,Come on now dawg
134190,szczury123
134189,ChachoTeam
134188,Johnny Speeds
134187,ex-ThunderFlash
134186,Untouchables
134183,WICKED
134182,CCG Esports
134181,vagrants
134180,Bloons Tower Defense 6
134179,Ship crew
134177,The Necromancers
134176,MishMash
134175,Cyber Generation
134174,Storm Uzbekistan
134173,PLASMA RAPID
134172,DEATHROW
134171,Major Abusers
134170,LA RUGONETA
134169,blockkstar
134168,OnyxRavens
134167,guardiaN5
134166,Potch Rollers
134165,ELUSIVEza's party
134164,Pugstars
134163,Adaptive Gaming
134162,4point5
134161,Shush
134154,ex-w7m Academy
134114,Vintage
134113,AMKAL ESPORTS
134109,Bleed Esports
134108,Jadeite
134105,Secret
134099,THE FINALS
134098,dishonestpug
134077,Gr Infractional
134076,BLUEJAYS Zoo
134075,TY
134074,DOXA
134073,latch gibb
134072,angelnumbers
134071,Uruguay3
134070,komsomolsk
134069,The QUBE Esports
134067,showmakerz
134066,Guangdong UT
134059,tuskem
134058,loligodrequiem
134057,HAVENs
134056,s3xtremum
134055,Galaxy Gaming
134054,Aim2Main
134053,Senshi eSports
134052,manageYself
134051,PARTIZAN Junior
134050,Kova Gaming
134049,hypewrld
134048,Desperados
134047,FORZE Youngsters
134046,1win Academy
134045,venom
134044,Crep Xtreme
134043,HEYDERS
134042,Team Aztec
134041,Enosis
134040,cs2Ctonjeu
134039,Memo_team
134038,Carte Blanche
134037,Banger Gang
134036,Foxton
134035,XPERION NXT
134034,CEBOLOS
134033,Vex Dragons
134030,SOLOVE
134029,Myth e-Sports
134028,ex-BeBold.gg
134027,Datejust
134025,SHOWSTOPPER
134000,Specter Tavius
133999,One More Esports
133998,beer and cigs
133997,regain
133996,Team Steve
133995,force majeure
133994,Oxuji Esports
133993,Team OWL
133992,fragmatic
133991,ZOTIX
133990,ex-YNT
133989,LittleGaming
133988,HyperSpirit
133987,BLUEJAYS Lite
133986,RUSH B
133985,Kinship
133983,GamerLegion Academy
133982,Taubaté E-Sports
133981,MAKING HISTORY
133980,Old School
133979,ADAL E AMIGOS
133972,Young Prodigies
133962,Astral Aces Esports
133944,DNE Thunders
133943,Monte Gen
133942,OPAAAAAA
133941,Sashi Academy
133940,ROSOMAHA
133937,Miracles
133936,amigosi
133928,unrated
133907,BOSS
133906,Atrix Esports
133905,HeizerS
133904,ex-K10
133902,QMISTRY
133901,Hyper5
133900,The Huns Esports
133891,PARTIZAN
133887,InazumaFive
133886,Team Raised
133885,mixks
133884,Team Space
133883,ENEIDA
133881,Guild Eagles
133880,my life be like
133879,Xiaoma Gaming
133878,Eros Red
133877,5Fyctimz
133876,RICE NATION
133875,ex-Wildcard Gaming
133869,PERA
133866,The Suspect
133865,Buhawi
133849,Cobro's Cobros
133847,Souls-Land
133846,DuckDuckGOOSE
133845,salmon123
133843,Curlews
133842,Monki.gg
133841,dodareY
133840,Carlstad Kings
133839,Kolon 3
133838,regelett
133837,Vaseline Worms
133835,underrated
133834,V1dar Gaming
133833,LT5
133822,HOTU Academy
133821,camarinha
133818,LOADING
133817,ex-Raptors Esport Club
133816,ESCAPIST
133812,TUSTE CHOPAKI
133811,The glecs
133808,INGLORIOUS
133804,Bazar mix
133803,Briosa
133787,SNOGARD.female
133786,Project G
133780,ex-Divina fe
133778,CALAOSCORNOS
133777,MERCEDEZ
133776,Signatus
133774,PRIMATE
133773,Dusty Roots
133772,ÍBV Esports
133771,ÍA Akranes
133770,2GAME
133769,Saligogerds
133764,HUEC
133763,FatherSAndSons
133762,Astatiqs
133752,Perroflautas
133749,MIGHT
133734,Sampi NEXT
133729,Hawks
133728,Escolinha do Gugu
133727,Super Sangre Joven
133726,GUN5 Esports
133725,Alliance
133722,Grow uP Esports
133721,DAMNSTAR Esports
133720,EXOTIC
133719,PARIVISION
133718,GamerLegion Prism
133710,NIBBLE
133708,Legacy
133687,StockholmCity
133686,Passion UA
133669,Metizport X
133666,Conquer
133665,bossy
133664,ZenniT
133663,Ghouldmix
133662,New Era
133661,Gucci Gaming Academy
133660,32
133657,1WIN Gang
133653,ENCE Athena
133652,Tsunami Sirens
133651,Team Karma
133650,Totsugeki
133649,Hyperion
133648,Kidisgraca
133647,DIVINA Female
133646,Ravens
133645,Cafeina
133644,mocreias
133643,Fluxo Demons
133642,416Olsk
133637,MASONIC Academy
133636,STORMZz
133635,Wu-Tang Clan
133634,Vantage
133633,VITONE
133632,Northern Star Gaming
133625,Antenna Man
133624,Invictum
133623,Overpowered
133622,Royal Signals
133600,CamaroPeek
133597,SELVA
133592,Recon 6
133591,The Free
133590,Cube
133589,Creeps
133573,ex-Team 7AM
133572,AEX-1
133571,Wave Esports
133570,Team Ifrit
133569,REDgg
133567,Gods Reign
133566,7Sea Esports
133565,Revenant Esports
133564,Marcos Gaming
133563,JACK3D
133562,The Lizards
133561,GEUD Gaming
133560,Betera Esports
133558,bsmpeek
133554,Deviance Gaming
133544,Static
133543,krisp
133542,CYBERSHOKE Esports
133541,balkanh$
133540,FALKE ESPORTS
133539,BenchedHeroes
133538,Akimbo Esports
133537,Amigos da Bebel
133536,North Macedonia
133535,Serbia
133534,United States
133533,Australia
133532,Guatemala
133531,Poland
133530,Mauritius
133529,Ukraine
133528,Denmark
133527,Saudi Arabia
133526,Colombia
133525,Mongolia
133524,Romania
133523,ex-Viperio
133522,Raptors Esport Club
133521,Verdant
133520,Preasy Project Rising
133518,Fake Natty
133516,Looking4Org
133515,LonelyS
133514,5yclone
133513,Let Her Cook
133512,-72C
133511,Octagonal Disposition
133510,Noobs But Diligent
133509,ex-Rare Atom
133507,Badass Gaming
133506,Zen
133505,Mansion
133504,Tsetsegchid
133503,Army Geniuses
133502,TheCheesyChamps
133501,suibianwanwan
133500,hltv hunters
133499,Orgless
133498,DelhiCallCentre
133497,KZG
133496,afKING
133495,LFOv2
133494,Game Men
133492,Forsaken
133491,ODG
133490,Spate
133489,Faceaters
133488,Golf Club
133487,Kosovo
133486,Ireland
133477,QM
133468,En av de lette
133467,Oreshkins
133465,Question Mark
133464,AiMMERS
133463,Preasy Esport
133460,Space
133458,BetBoom Team
133456,Los Alpacas
133455,Hound
133454,Green Tea Party
133453,PNEUMA
133452,Melly Madness
133449,Originais do Samba
133448,RUBIK
133447,ex-iNation
133442,Zero44 E-Sports
133437,lajtbitexe
133436,Sprout Academy
133435,M80
133434,ORKS
133433,ex-HYDRA
133432,Papa YAda
133431,smaek
133430,Filhos de D10S
133429,Age Sports
133428,ex-KRC Genk Esports
133427,Five5
133426,Built For Greatness
133425,fp1 e amigos
133423,OMiT
133422,ex-Snakes Den
133421,ex-ATK
133420,The Last Dance
133419,John Industries
133418,baxter
133409,Esparta
133396,fake dos cebolas
133395,Marrecos Esports
133394,CSA eSports
133393,Mortality
133392,YouNub eSports
133391,CAPS E-Sports
133390,hokages
133389,dryzinho
133388,pugdesonesto
133371,Nova Gaming
133370,C4 BASE
133368,ex-BHOP
133367,doggonogog
133361,BeBold.gg
133360,IKLA UA
133346,ex-VIBE
133345,Békéscsabai E-Sport Egyesület
133344,OblivionXC
133343,Catchii
133342,Bloody Crystal
133341,BALLISTIC
133340,Intense
133338,ex-DomiNation
133337,ATOX
133336,Victory Zigzag
133335,ex -777 Esports
133334,MANTRA
133333,Arcade Esports
133332,Underground ESC
133331,Portugal
133330,Inferus NXT
133327,Skrill Ogres
133326,Bounty Hunters Esports
133325,Torch
133321,friforsatan
133320,WANDERLUST
133319,NOCHANCE
133318,dos Amigos
133317,OffDream
133316,Tamaria Altunga
133315,PCIFIC
133306,SEGA.dll
133304,FlyQuest RED
133274,Lx Soldiers eSports
133273,Sangrija
133272,beers
133271,Defuse
133270,L00kingF0r0rg
133269,L&G
133262,It's crazy it's party
133261,East Legends
133260,ex-LRV Esports Female
133258,Academy Cybersport XP
133257,KYIV
133254,ex-Flames Ascent
133250,Espionage
133248,BearClaw Esports
133236,Run&Kill
133235,knasigT
133234,idcgofast
133233,GGP Clan
133217,Rocket
133216,puggers
133215,qwerto17dar
133214,Stand on Business
133211,DXA Esports
133210,Next In Line Esports
133209,ex-eMasters
133207,Unluko5
133203,qreto15dar
133202,Xmplfy
133198,Junk
133197,OVERFRAG
133196,U MAD BR0
133195,PlusW
133189,MITOS
133183,MAMY
133182,Ambush DK
133171,ex-Prosapia Esport
133168,Classless
133167,Mach 5
133166,AVT Gaming
133165,DemoDive
133164,Made In Kettering
133163,Ambush by Preasy
133162,Nightmare
133161,Scavengers
133160,Looking4Org
133159,ex-Copenhagen Flames
133154,Wildcard Gaming
133152,VYBN
133151,Andrzeje
133150,The Prodigies Sweden
133149,KS-
133148,JOSELITO
133147,Intranacional
133146,ex-Fourteen Esports
133145,Maknitude
133143,ex-Partizan
133142,Evolution G
133141,mastermix123
133139,LnG
133136,Achievo Esports
133135,BNA Esport
133134,Ignis Serpens
133133,Into the Win
133127,team-one
133125,Aurora Young Blood
133124,Team BLINK Legends
133123,whitepigeons
133122,MVP Cyber
133121,esea_champions
133114,GARAZAgg
133113,STEP
133112,FLUFFY AIMERS
133111,Geekz Energy
133104,Zajace Skaczace Po Lace
133102,FLuffyGangsters
133101,bitx
133100,stockon209
133095,MoonCats
133094,Made in Pug
133093,CAPIVARASGAYS
133092,ex-Into the Bin
133090,Glorious Esport
133089,CS2
133086,ex-CLG Red
133085,VIBE
133084,DriftLNS
133083,Team Xplosion
133082,MungYu Esports
133080,WITHOUTWARNING
133076,MOON
133067,Team Solid
133064,ex-HONORIS
133063,UNiTY esports
133061,FROGS
133060,Choppers
133054,No Impact
133051,Sans Vergogne
133050,GGPR Remastered
133049,Tempest
133048,w7m Academy
133047,Booky Clan
133033,Biskvitki Zakuska
133032,Taipan
133031,SHAPITO
133023,BLAZE
133022,Stirlz's Angels
133021,Band Camp
133016,Lions Gaming
133015,Easy Riders
133014,Better Than You
133013,Valkyrie Esports
133012,Blingus
133011,McTeam
133008,Source2
133007,crisinjo
133006,Spirit fe
133005,Formiguinhas
133000,Ex-Invictus Gaming International
132995,Magic Light
132994,Optimum Internet
132993,ex-Take Charge Esports
132992,POGUELANDIA
132991,The Prodigies France
132990,Arcadia Esport
132966,TraNceVibeS
132965,xatefanclub
132964,LOSTHILLS
132963,Orgless5
132962,KingPins
132961,Firedup Gaming
132960,sunday school
132959,Yijing
132958,pipoketes
132957,Seleção do BT
132956,empiregoblins
132955,359
132946,GENTLEFOLK
132945,GHR E-Sports
132944,ELLA ELLE L A
132943,Diverse Units
132942,Redflags
132941,hawradash
132940,ENERGYULTRA
132935,Sheer Heart Attack
132934,Cherry Bombs
132933,Eros Ethereal
132932,xurrasco_021
132931,ICBMF
132930,YeYO
132928,Seychelles
132927,Rune Eaters
132926,Zeal22
132921,Detonate SparX
132895,DomiNation
132892,G2 OYA
132891,Zomblers
132890,Tsunami Esports
132889,HAROSH
132884,WeRunThisPlace
132883,GUILD
132882,Factor Ruby
132881,Starfish
132880,byte
132879,Meta Academy
132878,Mad Kings Academy
132877,Doxa Academy
132876,paranoia
132875,KADIMACADEMY
132874,SmalPPgang
132873,ramsinho
132872,Airwaves
132871,Hot Headed Gaming
132870,Newbies
132869,Aces
132868,requiem
132867,desorganizados
132866,undefined
132865,100TAG
132862,TeamOrangeGaming
132861,teamKR eSport Club e.V.
132860,Departed
132859,n00rg
132858,ex-Villainous
132857,SINNERS Academy
132854,ClayMakers
132853,Pantsu
132852,Malpiszony
132849,ODLOTOWE AGENTKI
132848,AsianBALLS
132847,FEFU CSGO
132846,Pentacle
132842,ex-INVSN Team
132841,bimbalki
132840,ex-Ungentium
132837,FRAGMiNE
132836,Bleiz
132835,Twisted Minds
132834,GHOSTSFACES
132829,OOE Aquila
132828,ex-Rapid Ninjas
132827,defuseBERN
132824,BIOS
132823,caffeine marauders
132819,ParisDemons
132818,Take me away
132817,ILIN
132812,Patinetado$
132811,0-0-11
132810,NEED ORG
132809,Mystique
132808,yur
132807,Problematic Kings
132806,Killzone
132805,Majestic Foghorns
132804,Toxic
132803,ShadowWizardMoneyGang
132801,skriptovie
132800,BESTIA
132799,HamsterFromWheel
132798,BULLY
132797,Haspers
132796,tutel
132795,INFURITY Gaming
132794,Skottkärra
132793,Jotunheimen
132791,Looking for ORGGGG
132790,BREAKTHROUGH
132786,Boomer Demons
132785,Shababs Botten
132780,Demon Time
132779,Infamous Esports
132778,5akhis
132776,Nemiga Academy
132775,Sunburn Reunion
132774,Destructive
132773,Castrum
132772,upcominggalimi
132771,Team Demiral
132763,MENINO$ DO MOMENTO
132762,ex-Opyt e-Sports
132761,dreamWorse
132760,Dashing eSports
132759,sunset
132758,BeepBeep
132757,ECHO
132756,shimmer
132755,Capybara Gay
132752,Munich eSports
132751,ex-TouchTheCrown
132750,Spassk Team
132729,Fuscão 1500
132727,KITSUNE NOORG
132726,Chimkin
132725,SeraFem
132724,U-Turn
132723,cute
132722,Tricked Academy
132721,Demo Reborn
132720,3limin8
132719,Paint Chip Eaters
132718,i love Cleanwater
132717,takina defence league
132716,LL Madagaskar
132715,Zákusečky
132714,pysznakawa
132713,zu krass
132712,NovaGG Green
132711,backyardigans
132710,Os Carecas
132709,Ex-Los Grandes Academy
132708,SUN Esports
132707,DIVERSE
132706,eughxuls
132705,selim drogove
132704,NOISEOTREM
132690,Mystic
132689,Orgless Heroes
132688,NtK
132687,Konoha
132686,Let us cook
132685,sudden death
132684,A13
132683,Cosmo Esports
132682,Slava Ukraine
132681,Cartel terraza
132679,brazylijski luz
132678,Exzentriq Utd
132677,Get Back Gang
132676,Top One Percent
132675,4bots+truck
132674,NO NAME
132673,Nakama Esports
132664,farfaraway
132662,STRANGERS
132661,sYnck
132644,Ultimate Power
132622,Believe
132621,Hello Kitten
132620,MASTERCLASS
132618,Flamengo Esports
132617,Noxious
132616,ex-eSuba
132615,7 Reasons
132614,Team Pegada
132613,Matreshka Team
132601,Molotov Gaming
132600,ex-Corinthians Academy
132596,Go On
132595,Bane Existence
132594,DeepDark
132593,helvete
132591,MOLEGAN
132590,Kintsugi
132589,fifiqueiras e curiosas
132588,Inimigas da WIN
132587,Queend
132586,ASTRONUTS
132585,MWAAT
132584,dobrywieczor
132583,4Bots & Eric
132582,TENSTAR
132571,Into the Bin
132570,ex-Team Finest
132569,ex-Fnatic Rising
132566,NO ORG
132553,Team Gravity
132552,EstViki
132551,Reveal
132550,ex-Lodis
132539,demonsmiley
132538,Permitta Academy
132537,Rapid Ninjas
132536,Top5
132535,Mixfits
132534,mladiastarec
132533,undefined
132517,RePlay
132516,HATTORI
132513,onLiNeRsX
132512,omenfarmers
132511,OMENwinners
132489,FH
132488,Eruption
132483,faseinjusta
132482,Desafortunados
132481,mixerinho
132480,Deuses do Dom
132479,ZERO
132473,Wellsee
132472,Dora Family
132471,Owoed
132461,Limppari
132460,Heimo Esports
132459,RoundsGG
132445,ex-Rehl
132426,Lazer Cats
132422,premdesant
132413,Boom Room
132412,Grindas
132411,Panama
132410,lqnely
132409,goldenskulltrooper
132408,unknowns
132407,Quantiq
132406,MetaTensei Esports
132405,Master Club
132404,CSG
132403,UPower
132402,Wkola
132401,Soplica Cytryna
132400,smuuttikusilkki
132399,Team VLADIVOSTOK
132398,MAZE Esports
132397,5KARIS
132395,NewVegas
132394,AVEZ Squids
132393,CoupDeGrace
132392,ChaoRan Gaming
132384,PepsiMix
132377,rpaqp gpakyJIa
132376,NR1PLAYERS
132375,AvenueMontaigne
132374,Memento Mori
132373,POPADALKIN
132372,kulmix
132371,MILF Hunters Anonymous
132370,Xi Jinping
132369,Saving Astralis
132368,4ORMULA
132367,Shakezullah's Disciples
132366,LAG Gaming
132365,Boston crab
132364,TFW
132359,coconutwater
132358,ZURIA
132357,Sayonara
132337,mILF
132330,faketeam
132312,PUBG AIM
132311,ex-SWS
132310,Velez Mostar
132309,DISTRICT12
132297,ex-KTRL
132296,INVSN Team
132295,eSportsKosova
132259,For Funsies
132258,affective disorder
132257,Fulcrum Esports
132256,ex-Into The Breach
132255,Ex-BLVKHVND
132254,Coffee Club
132253,Inward Academy
132252,Premier Sports Academy
132251,Get Rich or Die Tryin
132250,swingers
132249,KOGUTOS
132248,Velcro Shoe Gang
132247,G2hissporc
132246,Vietnam.Rising
132245,White FIames
132244,Hydra Team
132243,no dad darrens
132242,fanny
132241,Awpbusers
132240,Blade Community
132239,WINDINGO Community
132238,Los Grandes Community
132237,trocka
132236,mix123
132231,ex-Corinthians Esports
132217,Outlaws
132216,Team Scythe
132215,Clique Esports
132213,VP.Angels
132211,Algeria
132210,IESF
132209,Argentina
132208,Vietnam
132207,Indonesia
132206,Pew Pew
132205,Angels
132204,OTLF
132203,SUIIIIIIIIIII
132202,sarioo
132201,spicy mcnuggets
132200,backwood
132199,SHAQIRIII
132188,Trinity
132180,Post Mortem
132176,Vampboiclique
132168,Atlantic Seafood
132165,Rombus Esport
132152,TropiCaos
132151,APOLO TEAM
132150,ILUMINADOS
132149,1WIN
132148,Pete Davidson Rizz
132147,Green Tea Cartel
132146,zeeKy Beekys
132145,shinigami
132144,lmao
132143,premgods
132142,bNE.rising
132141,BiPOLARS
132140,YNT
132139,codeine gang
132138,FPLCENJOYERS
132137,Arctic Raptors
132136,1 JIN
132135,The Sisterhood
132134,Take Charge
132133,Orion
132125,GamePub
132124,ex-KOVA Esports
132123,Amphis Gaming
132122,ATK Female
132121,Evil Geniuses Gold
132120,9 Pandas Fearless
132109,Black Pearl
132108,DIVINA
132107,NaoTroca
132106,glaani
132105,Poggerz
132104,Hvor Er Du Bro?
132103,ex-Floripa Stars
132095,TeamBrute
132092,180mgkoffein
132091,e-Lemon-ators
132090,7AM NA
132088,redfool’S
132087,ANDROMEDA
132084,Ovoshi
132083,ampiainensuoja
132081,Brazil
132079,n3wb0rn
132075,Floripa Stars
132070,TeamEternal
132069,sickboyzz
132061,MALCO
132060,Permitta Esports
132053,SECRET
132052,ex-Daotsu Esports
132049,If I Speak
132048,Big Time Rush
132047,eMasters
132024,ESTOWNIA
132013,Akopalipsa
132012,Bunny Hunters
132011,SóKats gaming
132009,TBB
132007,500
131996,MLRS
131995,HighSpaceTigers
131994,vezet
131986,SPLGANG
131985,EXSAD Gaming
131984,ABT Esports
131983,OnlineBOTS
131982,LOS
131981,THUNDR Esports
131980,Viperio
131977,Universe Esports
131976,Team Kheegui
131975,Linx Legacy D
131973,Lagom
131972,Aokigahara
131971,Placeholder X
131970,Katuna
131968,Sweetbonanza
131967,Magic School Bus
131961,DNG
131958,LIBURNA
131922,StareUJE
131921,AIMHOUSE
131920,Cloud9 Academy
131919,ex-Take Aim Gaming
131918,Billionaires
131898,Red Wolves
131894,FOX Gaming
131893,KazuStoreBois
131889,SCOU7 GANG
131888,Sharks Youngsters
131876,ex-Finest
131874,ex-TITANS
131873,GoodJob
131872,RIBA UMNI4
131871,IKLA
131870,Vikings
131867,Virtualetix
131866,Karpet'Squad
131865,SOS
131864,Aloha
131863,Tensei Esports Club
131862,IQ Gaming
131861,Psihocastic
131860,gloryHUNTERs
131859,DiVERGENT
131850,AJF Academy
131849,paiN Academy
131848,largadosypelados
131847,Hype E-sports
131846,AGENCY.LHS
131845,ex-ABT Esports
131843,IMMAPROBLEM
131842,SMIX
131841,CENTER
131840,Viary
131839,TOA Esports
131838,kyoto
131837,eumix
131836,Never Surrender
131835,Task Force 141
131819,LRV Esports Female
131818,Kung Fury
131817,H3llO
131816,Incrementum
131815,Rukh eSports Female
131814,Bebra Esports Female
131813,2hellaSap
131812,whateverxD
131811,Roses
131803,Byteway
131802,EG Black
131801,EG White
131796,blacklaminate
131795,Nixuh
131794,MOB
131792,Kraken Esports Club
131791,Sotano Gamer
131790,Ape Gang
131787,killthemall
131786,fullW
131785,Venary Female
131784,SSSrank
131783,Oprah's Giveaways
131782,AURA Esports
131781,JackForSale
131780,BAx's $ Crew
131779,Tricksters
131778,FaNg Disciples
131777,Team Heroic
131776,NoVum eSports
131775,The Witchers
131774,TBA
131771,ex-SKADE
131770,Nouns
131769,Breiðablik
131768,Viðstöðu
131767,NÚ
131766,LAVA Esports
131765,POLIGON
131762,All Gas No Brakes
131761,Team Valence
131760,Sojoga
131759,Foggy Esports
131758,Villainous Black
131757,Team DNA
131750,qqqqq
131749,Corinthians Academy
131748,Flames Ascent
131747,Bricksports
131746,Iron Blood
131744,Phantom Troupe
131743,Argon Esports
131742,Parabellum Esports Female
131741,B4 Esports Academy
131740,Bizzare
131739,Reversal
131738,Valkyries
131737,Please Send Bocks
131736,Evil Geniuses Female
131735,B4 Esports Female
131734,INDEPENDENCE
131733,Illusion
131729,Ninjas in Pyjamas Impact
131728,Astralis Female
131727,Prosapia Esport
131715,HelaHavetStormar
131714,Blueprint Esports
131713,2EASY Esports
131712,FinaKillar
131711,LAWOO
131710,Vizer
131709,Hanorak
131707,Nexus Academy
131706,The Quest
131705,GTZ.ESPORTS B
131703,FUSION
131702,FnT eSports
131700,Inferus Esports
131699,d0gs
131698,MachineSoldiers
131697,Virtuosity Gaming
131696,Stinkdiertjes
131695,Pete's Hookah Lounge
131694,kukkosoosi
131693,Eläintarha
131692,XRAVEL
131691,K10
131688,Avoid
131687,Team Universe
131686,Peace of Heroes
131684,Elemental
131683,God's Work
131682,RKON
131681,Meat Grinders
131680,Team7AM
131678,NIJE
131674,GearGaming
131673,Squirtle Squad
131671,EBEA2 Gaming
131670,Team Homyno
131669,ADEPTS
131668,Legates Esports
131667,PIGNOUF
131666,ENNEMI
131665,Steelix
131664,Forward Gaming
131663,Pusheens
131659,ARROW
131658,Morekats
131654,TITANS
131644,FANTASY
131643,RCL
131642,Spassk Team
131638,ex-Gaimin Gladiators
131637,Katana Gaming
131635,askaaaaaaars
131634,GRGECHI
131633,SNRG Esports
131632,JPB
131631,WahWah
131630,PremuimGods
131629,how bad u are
131626,D54
131625,maGic
131624,CR.Gaming
131623,Atlantiss
131621,ex-Holkattes
131620,minion bobs
131619,BYNIE
131618,STRZELCY
131613,Hotspurs
131611,En av  de lette
131610,Kirikou
131609,Kari
131608,Portuguese Family
131607,InTheClub
131606,EagleEye
131605,Ooredoo Thunders
131604,Flaggers
131603,Dobegaem
131602,maxed out
131601,Inferno Lovers
131600,TR0JANS
131599,Frontier Esports
131598,1stroundexit
131597,Ozone Esports
131596,Arena Esports
131595,XXG Gaming
131594,Morbin5
131591,XI Esport
131590,KTRPRTZN
131589,163ON
131588,zzz
131587,lofidelity.
131586,xmen
131585,LIVS
131584,SUPERSTARS
131583,Catchii Female
131582,INDUSTRY
131581,atpuuties
131580,We Global
131579,Vendetta
131577,Snowfall
131576,SKADE X
131575,yodagus
131573,NK esports
131572,JiJieHao International
131571,ex-TotalePro
131570,Fluxo
131569,phemghouls
131567,Revelacoes do Ano
131566,Lostik
131565,P9 Gaming
131564,The Prodigies
131563,Moratur
131562,Lord Rabbit Gaming
131561,Partizan Esport
131560,Electrify Steel
131559,LeekGG
131558,Igniss
131552,The Chosen Few
131549,JANO Esports
131548,Prima-T
131547,homeless
131546,Inter eSports
131545,FIGHT CLUB
131544,ex-Young Gods
131543,IA Esports
131542,Opty Esports
131541,Calangos Esports
131540,GodGenesis
131539,Marrecos Academy
131538,Yawara Esports
131537,Capivara Strong
131536,Floripa Stars Black
131532,ex-GTZ Bulls
131531,FlashP0int
131530,ZeroShansov
131529,Alpha United
131517,Montecarlo Gaming
131516,BeyondPossible
131515,NOVA
131514,Wild Ram
131513,ginseng strip
131512,SPADE
131511,ex-Sissi State Punks
131510,Team Takeover
131509,GloriaVictoribusClan
131508,RAIKIRI
131507,needDOCTOR
131506,9 Pandas
131505,Aurora Gaming
131504,Neon Rangers
131503,ex-OFFSET
131502,SHIPACHI
131480,Universe Five
131461,Wolfs Esport
131460,Los Pyros
131459,Lodis
131458,WOWMEGA
131457,Gas Money
131456,Yologang420
131455,Pepsilon
131454,TOP Gs
131453,Skeletor
131449,Victorum
131448,Corinthians Esports
131441,Monte
131440,Saints
131415,GBC Mindset
131414,HIPER JELONKI
131413,SUL CLAN
131412,Stream Snipers
131411,GSW
131404,kolibri
131403,Cossacks
131389,ENCE Academy
131345,POLET
131344,team fANDER
131342,Hard
131341,zlol
131340,mommysry
131330,ex-4glory
131325,Outsiders23
131324,Team Moops
131323,At least we tried
131294,Jake Bube
131293,Formel
131292,New School Crew
131291,Illusion
131290,mix123
131289,Class is permanent
131288,GIGA FIRST
131287,bolestina
131286,flowstate
131285,wannafly
131284,NASA
131281,Arvum
131271,ROMANOS
131270,OUTPLAYED
131269,Take Aim Gaming
131267,Coup de Grac3
131266,MIRAI Gaming
131262,Juegalo Esports
131261,LRV Esports
131260,ex-River Plate
131253,ODDIK
131247,Sacrifice
131246,Akatsuki
131245,asdasd123
131244,how2play
131243,YESSIRSKI
131242,GloryToUkraine
131241,Zero Tolerance
131240,KJlACCHblE
131238,Team Norway
131237,ex-Black Dragons Female
131236,MostValuablePlayers
131232,Illes Spirit
131220,Eternal Pain
131219,INTZ Arctic
131218,SD Invicta
131217,SnusEaters
131216,Falcons
131215,Dirty Legs
131214,Trollink
131213,10AVG
131212,Imperishable Clan
131211,VivoGamerTeam
131210,Wartex eSports
131209,EC Kingz
131208,Avers Gaming
131207,Family
131206,EnRo GRIFFINS
131205,Kinetic
131204,1PIN
131199,Insilio Female
131198,Reveal Female
131197,4 Pancernych i Szef
131196,aura na p
131193,Doing Fun
131192,Sativa
131189,EYEBALLERS
131188,HUMMER Esports
131186,EG.CD
131184,Orde Samurai
131183,EG.PA
131178,FPL Demons
131177,cleanteens
131176,Team Slovakia
131175,SPANIARDS
131174,Armenia
131173,Albania
131171,Germany
131170,Team Israel
131169,Czech Republic
131167,MonaspA
131166,Monaco
131165,Malta
131164,Team Bosnia & Herzegovina
131163,Team Croatia
131162,BIG EQUIPA
131161,Players
131135,LUMI Esports
131134,Pyhän Ilona
131133,TMVG RCTIC
131130,hxhasd
131129,weback
131128,Hapoka
131127,miragebots
131126,QUADRUPLE
131124,Encore
131123,Magnats
131122,Earlybirds
131121,Uprising Esports
131120,CSGOGameing
131119,Zero MarksMen
131118,outdone
131117,4 Pancernych i Dziadek
131116,Vacacionesdelmar
131115,Opyt e-Sports
131113,Haita
131112,REDPack Esports
131111,ATK.gg
131110,Mindfreak
131109,Entropiq Future
131108,PTE PEAC e-Sport
131107,neymarpeek
131106,RUR Esports
131105,OH YEAH GAMING
131086,Young Gods
131085,kevlarirl
131084,Los Grandes Academy
131083,Daotsu Esports
131072,Axolotls
131071,ex-Beneath Gaming
131070,Coastal Mayhem
131036,BigD
131029,Phasmatis
131025,Outlaws
131024,OG Academy
131023,Strong
131022,PLATOON Alpha
131021,ex-UYU
131019,TEAM XIS
131018,Revel
131017,sinister
131016,Youngsters
131015,Holkattes
131014,MOONBOYS
131013,4erti Gaming
131012,Impulse
131010,Sashi Esport
130989,DMS
130988,cocolovers
130987,Perspektiva
130986,Mixerinho
130985,CONTENTPLANET
130984,Anorthosis Esports
130983,faceitpolice
130982,CRYPTO
130981,AFTER PARTY
130980,ILLYRIANS
130979,murders2002
130978,agregat10
130950,ex-Team Singularity
130949,PALOMA need-org
130947,Realvamps
130946,Aseris
130945,Iron Branch
130944,reGeneration
130943,yesyes-nono
130942,Cyclone Female
130941,Wiffys
130940,fl0m's Money Crew
130939,ex-Philadelphia Liberty
130938,ducksquad
130937,grinders
130936,ORGLESSfe
130935,Happy Mouse
130934,ghoulsW
130933,FPLCKINGS
130931,MONAD eSports
130921,Brazen Black
130908,show
130875,xdDdd
130874,STASplusJIoxu
130873,FLET
130872,NAVI Javelins
130871,Luxxury Esports
130870,Walkie Talkies
130869,Team Luxe
130868,Brigada
130867,Cookies and Cream
130865,Nenka
130851,GOATED
130841,SUNBURN E-Sports
130840,PoP
130839,Looking For Orgre
130838,Recognised Talent
130829,Shock Esports
130828,SNOGARD Dragons
130818,NvrXpected
130817,Team NZT
130816,OS E-sports
130815,xNova
130814,ex-MAD Lions
130813,1dayHeroes
130812,Team Narcis
130811,EGN Z
130810,Clown5
130809,The Elements
130808,newmix
130807,FIFTY FIVE POWER
130806,Storm Wolves
130805,Doc esports
130804,Winners Club
130803,NeverFpl
130802,UNION88
130801,WhiteShark
130800,ProGamers
130799,pe4c3
130798,lookingForOrg
130796,pizza
130795,gameur
130794,BakS eSports
130793,yeet
130791,Lonnies drenge
130790,ex-ONET4P
130789,Fellow Shark
130787,Infamous Girls
130786,Linx Legacy Vendetta
130783,Real Winner Company
130782,SMOAD
130781,SECURITAS
130780,RoadRunnerZ
130779,gothboiclique
130778,ASG
130777,Tempest
130776,New Generation
130775,Fjerritslev Gymnasium
130774,blackhat
130767,Aftershock
130766,Imperial
130760,HALLA
130759,Team Bob
130758,COWABUNGA
130755,BadCompany
130754,TEN5ION
130751,Arka Gdynia
130749,WINDINGO
130748,pisodemadera
130747,gg go next qualy
130745,Take Flyte
130744,Opulent
130743,PreGaming
130742,Chaos
130741,Goober
130740,Zenith
130739,P2N
130738,Guysifill
130737,IookingForOrg
130736,CloudRunners
130735,BOOMSHAKE
130734,Made in Denmark
130733,KUUSAMO.gg
130732,123Yatzy
130731,ex-Conquer Gaming
130730,sorry Mommy
130729,Rectify
130728,Fantastyczna Piatka
130727,ouroboros
130720,MTP Esport
130716,ex-Project Eversio
130715,VREEL
130714,Inside Games
130711,Unjustified Gaming
130705,BLVKHVND
130703,ex-Dream Gaming
130699,Orgless
130698,proxy
130697,kill la kill
130696,OSADIA TEAM
130695,Winter Fox
130694,Ceará eSports Female
130693,NewBalls
130692,ToxicWorld
130691,LF0
130678,AJF
130674,skoIdpadda
130673,DHLG
130672,Lynn Vision.NEW
130671,Antic
130670,ex-FURY
130669,ex-Overt
130668,ex-8Ballers
130667,FyR Esports
130666,the SHINE
130665,NEXGA
130664,Valors 2
130662,CPH Flames Female
130661,Entropiq Queens
130660,NO Pineapple Pizza
130659,Beneath Gaming
130654,Ambush Esport Female
130653,gribs
130652,Redragon Female
130651,Quem sao elas
130650,Fourteen Esports
130641,Panthers
130631,BUSSIFUORI
130629,Players
130627,Close the Sky
130623,Imported Talent
130622,UYU
130621,Snakes Den
130620,Philadelphia Liberty
130619,redditors
130618,X
130617,Shmetaland
130610,DotMax
130609,BigRigger
130608,StrikeX
130607,K1CK
130606,Thunderflash
130605,UNO MILLE
130604,BHOP
130603,ex-Black Dragons
130596,Outsiders
130595,Lucent Esports
130594,Dripmen
130593,NeverBrokeAgain
130592,Heaven and Hell Esports
130591,5kittens
130590,The Last Resort
130588,IHC Esports
130584,Sioguns Esports
130583,Project Gorillas
130582,wesuck123
130581,proWince
130580,garTi
130579,Ea Dupla
130578,Sao Caetano
130577,loloNaMente
130576,SG
130575,AWADEUWU
130574,Made in Ukraine
130573,Temperate
130572,premghouls
130571,WHYKICK
130570,QUAZAR
130569,HOTU
130568,A92
130567,FREE THE MANDEM
130566,Gaimin Gladiators
130565,Tribute to Tribute
130564,Team Falcons
130563,Planet Express
130562,Fourth Quarter
130560,Garfie Baby
130559,Stealth Esports
130558,Team Omega
130557,UGK Esports
130556,Cosmic Wolf
130555,New Threat
130554,Old But Gold
130553,GOON ASS SUCKAS
130552,Apeks Legends
130551,Plant Express
130550,Monkey Business
130549,LGG Prison Break
130548,ELES
130547,Totale Pro
130546,B4 Esports
130545,WinX
130530,Leviatán Academy
130529,Maycam Evolve
130528,Racing Club Esports
130527,VELOX Argentina
130526,Lausanne-Sport Esports
130525,Irie Legacy
130524,SLNT
130523,Tokyo Revengers
130522,Strive in chaos
130521,VOID
130518,Azorki
130517,Belgian Koalas
130516,KV Mechelen Esports
130515,NUT-E Gaming
130514,Misterya Esport Female
130513,AYM Esports
130512,flawless
130511,Antarctica
130510,Team Represent
130509,Alpha Gaming
130508,15 average Gaming
130507,kebabs
130506,Northwest
130505,WDNMD
130504,YK
130503,ROLW
130500,ex-AGF
130495,Fambit
130492,Benched Heroes
130491,Balkan Bears
130490,KTRL
130489,REDPack Quantum
130488,Impression
130487,Team AZOR
130486,LAKAKA
130485,NoNamers
130484,Dabbing Koalas
130483,rogerTh4t
130469,REIGN
130444,DGG Esports
130443,Dead Weight
130438,Last Dance
130425,FORSAKEN
130424,Brottarlinne
130423,Champang
130422,Desenchantee
130421,9INE Academy
130420,Gamingbutiken
130413,BIT eSports
130408,Juegalo Esports
130407,hellslayerz
130406,Please Send Help
130405,Black Dragons Female
130404,VISU Female
130403,NSC
130402,mew
130401,InControl
130392,Arctic eSports
130388,EKO
130378,Carpe Diem
130362,CSGO Players
130361,ex-Eternal Fire
130360,ARCRED
130342,Bad News Eagles
130341,ex-BLINK
130337,Clutch Gaming
130336,GR Gaming
130335,Redemptions
130334,ARTiSAN Esports
130333,Do Not Disturb La
130332,CyberX Khabarovsk
130331,Moon Esports
130330,DRIFT Gaming
130329,Rare Atom
130326,Gravity 0
130324,W7M Gaming Fe
130316,touchdown
130315,GH0STBUSTERS
130314,Sweetie Goji
130313,Tourmaline
130312,Hot Flash
130311,Sigma
130310,Slay
130309,sage against the unclean
130308,Unity Female
130307,HakuONfiRE
130306,Union Association
130305,Nigma Galaxy Female
130304,ENDGAME
130303,Cruzeiro Female
130302,Stars Horizon Female
130299,casinoroyal
130293,BlackSea
130292,Imagine Monkeys
130291,PALOMA
130290,Polar Beeeers
130289,WorldWid3
130288,team temp
130287,AzerbejdzanPL
130269,Tidal
130268,Enough
130253,Paying Myself
130251,Team Cruelty
130246,Stok the fuck up
130245,AlmostDPM
130244,StarAgents
130243,HEDGEHOGZ
130242,OMAPELI
130240,Vanir
130239,Bitfix Gaming
130238,Akimbo
130229,HEET
130228,Orgless
130227,Disconnected
130226,Hasukï Esport
130225,ZQSD
130224,Renax
130223,Norsera
130222,LeGodz
130221,The Goose House
130220,Evicted Esports
130219,WLGaming Esports
130218,FirstMemory eSports
130217,GODSENT Academy
130215,ex-Imp
130214,ex-Uchoa
130205,ex-Detonate
130200,TotalneGituwy
130199,oSynergy
130198,equipa
130197,4750crew
130196,MIBR fe
130195,Liberty fe
130194,Little Bocks
130193,PARTYDADDLERS
130192,Rizon
130189,Nokturns
130187,MONKEsports
130184,LPSP
130183,Los Reyes
130182,ex-Feenix
130181,GMT Esports
130180,ex-Coalesce
130163,NK Gaming
130162,天生赢家
130161,TrEa
130154,Kórdrengir
130153,Fylkir Esports
130152,Þór
130151,XY Esports
130150,SAGA Esports
130149,VALLEA
130148,Ármann
130118,SERA Esport
130117,Team Atlantic
130116,HeroC1ty
130115,Brøndby eSport
130114,LosReyes
130112,SQUAD
130082,MongolZ
130080,BOOZOOMERS
130071,AceFive
130070,suxeN
130069,Imperium Team
130067,YPGaming
130066,ComedyClub
130065,VAMOS eSports
130064,Insilio
130059,Eternal Fire Academy
130047,ex-eXploit
130011,IKIGAI
130009,Unruhestifter
130008,123456789I
130007,SCHLAND
130006,UUUWEEEEEEEE
130001,SESTRI
130000,Tribunal Gaming
129999,Doge Soldiers
129998,StarzzZ
129997,GUESS
129993,Endangered Esports
129992,Sky7EVEN
129991,g4m3rZ
129990,wortex
129989,Dark Lane Esports
129988,M_AMAZING
129986,konfetka
129985,1620 Kings
129963,Tricsters
129962,Big City Blues
129961,Sanguine
129960,1NE eSports
129938,Reborn
129929,voLante
129922,EC BANGA
129921,FPSBUG
129920,ex-ONYX
129916,LookingForAnOrg
129915,Los Grandes
129890,Orgless RZST
129889,00 Nation Prospects
129888,eBRO Gaming
129887,Insanium Esports
129876,Linx Legacy Esport
129875,ex-Lese
129874,00Prospects
129873,ex-Baecon GG
129872,For The Win Evolution
129871,CAVANIAGENT
129870,Rhyno Youngsters
129864,Macherbande
129863,yellow
129861,Eros White
129860,ex-GameAgents
129856,ECSTATIC
129846,GucciSquad777
129835,Kings of Content
129834,Hungary
129833,Goodfellas
129832,DaddyPeek
129831,lanplayersINC
129830,Apocalypse
129826,Collateral
129825,Wild Esports
129824,Savage
129819,Redragon
129818,desparito
129817,LeoGaming
129809,Kingsmen
129800,MIBR Academy
129799,TIMACETA
129798,Limitless
129797,ex-Save's eSports
129789,iplaywindow
129788,KFCMM
129787,DNG
129762,ex-Maxima
129761,Triple 6
129760,Lan players
129759,Panik xD
129758,SeaLions
129757,Fade-
129755,5puppies
129746,Run or Die
129745,Elite
129742,0to100
129741,2EASY
129740,COUSCOUS
129738,sftsaftm
129737,BIICEPS
129734,eNgineBR
129733,Diffendo
129732,PARTIZAN
129731,JuJutsu Kaisen
129730,Team Skinport
129685,Zero Tenacity
129684,Asterys Gaming
129683,ex-PR Stars
129682,Exalted Industries
129675,Synthetic
129674,Valors
129673,ex-Ceará eSports
129672,Caretos Gaming
129666,NecroRaisers
129665,SKILLSTARS.pro
129658,Born in the East
129656,DREAM UA
129648,Young Glorians
129647,Team SKUAK
129646,Akave Esports
129645,PAMPAS
129643,Nigma Galaxy
129637,Eqole
129636,Godlike Goats
129635,Keyframe Gaming
129634,Loop Gaming
129633,Yimagen
129632,AZ Gaming
129631,NoTeamTag
129630,Liberty Walk
129620,Anonymo Academy
129619,XGaming
129618,The Big Dogs
129607,Nebula
129606,iNation
129605,ex-Bears e-Sports
129604,ex-CLEANTmix
129602,Bigodes
129585,Netherlands
129584,Luxembourg
129583,Team Wales
129582,Austria
129581,SPAGHETTONIS
129580,Spain
129579,Belgium
129578,Sweden
129577,ReinadoDoFuzil
129576,TeigMasters
129575,WAP Esports
129574,All Knights
129573,Ozbons
129565,Anime Submarine
129552,Nemesis
129551,MIRACLE RUN
129550,Infinity Gauntlet
129549,Freedom Fighters
129548,727
129547,Detonate
129546,Touch Point
129545,NA's Finest
129540,anXi5tYs
129539,Websterz
129538,INDINDA
129534,Stars Horizon
129533,Mariners Esports
129531,REZIST
129529,LookingForOrg
129527,ex-Jaguares
129526,00 Nation Talent
129525,Victus
129524,when
129523,lol123
129521,Atrapa2
129520,ex-Dire Wolves
129510,ex-Chiefs
129501,00Nation
129495,PL123
129494,Kappa Bar
129493,NOM eSports
129492,IWNL
129491,LakeShow
129490,Typ as nice
129489,Adive
129488,Strife
129484,TGJ Esports
129483,NextG Esports
129482,Esport Harte
129481,Madsport Esports
129480,Voltage ESSM Esport
129479,Fadee Gaming
129476,Meta4Pro
129475,XGC
129474,1shot
129473,Kuruma
129472,South
129469,EU JOGO BOLA
129468,Glitchtech Esports
129467,NEDS
129466,The Agency Clan
129465,Sheep
129464,Donny Van De Sauce
129463,Coalesce
129462,Captain Cook
129461,NSN
129459,CARTELshockeLin
129458,KTRL x UDP
129457,WiLD MultiGaming
129455,bullpeek
129454,Wakanda4ever
129453,Throw Potential
129452,likew7F
129451,Ungentium
129450,4Fun
129449,FREESTYLE
129448,Team InVision
129447,headhunterss
129446,bramburky
129445,Gifted Gaming
129444,Into The Breach
129443,Misterya Esport
129442,CC OGLUM
129441,GODSENT Female
129440,Metizport
129439,Vikings Esports
129438,kingkongpack
129437,NewPipe
129436,Northern Legacy eSports
129435,alphabeast
129434,AHJO Esports
129430,PR Stars
129429,MAXIMA
129425,ex-100PG
129424,Kanga Esports
129423,Team Questionmark
129422,Moralezz
129421,MEGAZORD
129420,BROSSKIEZ
129419,Thunderbolts Gaming
129418,EC Sivas
129416,Şahangiller Espor
129415,OtherSide
129414,İstanbul Wildcats
129413,Eternal Fire
129412,allStars Gaming
129411,Verum
129410,Marten Gaming
129407,Axies
129405,SAW Youngsters
129404,Feenix
129403,SHANGHAI MASTERS
129402,Vision Gaming
129401,Washed Up
129400,SHAPE
129399,ONYX Talents
129390,ex-KG Network
129389,coluant
129388,8Ballers
129387,CAMO
129386,Arsen Gaming
129385,Thunder Gaming
129384,FURIA fe
129382,Apeks Rebels
129381,B8
129380,Playing Ducks
129379,DISKODISKO
129378,myllysuola
129377,X-Gamers
129372,The Union
129371,Ceará
129370,Atputies
129369,ex-IN.GAME
129368,Fantastic Seven
129367,Operation Save Spot
129366,ex-PIXLIP Gaming
129365,OneTap
129364,MayBe
129363,The ZOO
129362,993
129361,AIRLYA
129360,ex-ALTERNATE aTTaX
129357,GLORE
129356,Dynamo Eclot
129354,Bears Concept
129353,Thani
129352,BTH
129351,no meat pls
129350,VIXIT
129349,The Lycans
129348,Team Titan
129347,Team MCE
129346,SC e-Sports
129345,Save's Youngsters
129344,SACRAMENTO
129343,Optimum
129342,Medieval RIGA
129341,Levadia
129340,LastWind
129339,GARGAMELS
129338,Cosmoss Riga
129337,Jaegers Esports
129336,Influncr
129335,TRANQUILLUM
129319,INDE IRAE
129318,okura
129317,NewBelarus
129316,ex-Pompa
129315,Dolej Miodu
129314,ALZA
129313,ABOV LEGENDS
129312,GetGear
129311,dogssss
129303,ex-Durany
129275,GKC
129271,SevenIZI
129270,ADAGIO
129269,Mad Kings
129268,Skullcracker
129267,Peace Ducks
129263,Projetinho felas
129262,KRC Genk Esports
129261,Monarchy
129260,Anlaki
129259,DOGS
129258,LINKDOWN
129257,MANS NOT HOT
129256,Warriors
129243,Coldest Riders
129242,Swagg
129241,Sweet Tea Party
129240,Villainous
129239,YeniCherry
129238,CNCS
129237,heretic's daycare center
129236,EXCELLO
129233,Fnatic Rising
129229,SG e-sports
129218,No Org
129216,Slick Esports
129215,Philadelphia Warhawks
129214,TEAM POGGERZ
129213,Sector One Fox
129211,Aorus Vision
129203,UnDeRdOgS
129179,RVNS
129162,Australs
129161,Stone
129160,MOUZ NXT
129154,Cruzeiro
129149,HSG fe
129148,BELIEVEEE
129142,Tycoons
129141,KHAN
129140,ONET4P
129137,CRONEM
129133,Alke
129129,BCO
129128,LSC
129127,TBATBATBA
129126,Sky7eveN
129108,KG Network
129093,Trasko
129092,Free TON
129091,tokyoxd
129089,p0tatos
129087,Gold Mine Beer
129086,Quantum Prodigy
129085,zxcpain
129084,Endpoint Academy
129083,ex-IQUE
129079,Red Instinct Swiss
129078,Souldazz
129077,Input Laggers
129069,19CM GANG
129068,calm
129061,Boys without Pyjamas
129059,zxc
129049,ex-Marlian
129029,unravel
129021,Iberian Family
129020,PUGZEIROS
129016,100P
129015,Aravt
129014,NKT
129013,ikustakA
129011,Bandits
128988,Tropa Suprema
128987,Fate Walkers
128942,Entropiq Prague
128941,Campus Vejle * Instinct
128940,CEPTER
128939,Valkyrie
128938,benched
128937,ForceArena Lviv
128936,justbusiness
128935,bankaPEPSI
128934,Spirit of Amiga
128928,JigglePeeK
128927,BBBMBCBS
128926,CENSRD
128925,QcClan
128924,O PLANO
128923,Counter Nature
128922,ex-North
128906,EPG Family
128905,ide na dol
128899,RatPatrol
128898,AVE
128896,sh1zlEEpeek
128895,ORO Esports
128892,Cryptova
128891,Native 2 Empire
128890,Black Dragons
128889,PiKELiMM
128888,Eden
128887,Honvéd
128882,Veloz
128881,Recon 5 Black
128879,NG Esports
128878,SHPL
128877,old Z
128875,NJ
128874,Steel Helmet
128873,ex-HellRaisers
128872,GORILLAZ
128871,CatEvil
128863,ANIMEplusW
128859,omeN attiH
128857,XXXXXXX
128848,HYENAS
128847,Fiend
128812,fullshock
128810,petkopi4a
128809,PORTUGAL
128808,Midnight
128807,Cobalt
128804,Recast Gaming
128803,Peppersauce eSports
128802,Troublemaker
128801,Sissi State Young Punks
128791,ex-Winstrike
128784,Caronte
128782,Renewal
128781,KR
128780,ezTALENT
128779,kingkongflowers
128778,ChocoCheck
128773,FULL SHOCK
128771,Exsto
128770,Hazard
128766,Spirit Academy
128765,S0BEIT
128760,DEFEATERS
128759,nomix
128758,Elevate
128757,Bricked Up
128756,PullingMedFromTheHraloop
128754,01
128753,HLTZINC
128752,Level
128751,FATE MENA
128750,Princesses
128730,Miami Pitingos
128729,Enjoy.it
128728,FUARK
128727,Pitingos
128726,Golden Gaming
128725,Leviatán
128724,GLADIATORS
128723,ASAP
128722,Kazuars
128721,PIXLIP
128720,ex-Piratesports
128719,Floraison
128718,Davenport University
128717,Unwilling Ordinary
128714,Begrip
128713,Tutsis Angels
128704,Arctic
128703,GAIJIN
128702,CG
128701,Kumiho Gaming
128698,Synergy
128697,Team Unknown
128696,Washed up 5
128695,brüh
128693,Simplicity
128691,Overperformers
128690,Dynasty
128689,Power Rangers
128688,Ninja
128687,munyanyo
128686,Dire Wolves
128685,eetswa
128684,DREAM
128683,ESCA
128681,beznadejdi
128664,Punch Quest Club
128663,SEKINLO
128660,VOYVODA
128658,CrowCrowd
128651,The Commission
128650,Zaran's Jeans
128649,XENEX
128645,svettlan
128644,Max&BigGarlicDips
128643,Aura Esports
128642,WonderKids
128641,StoichkovPeek
128637,M1 EDEN
128632,Brandbergen Shooters
128631,TT willhaben
128630,ex-Paquetá
128629,megoshort
128628,Ystads IF E-sport
128627,PGS ANGELS
128626,ECOGOBLINS
128625,X13
128624,Patins da Ferrari
128623,Boca Juniors
128618,Tidal
128617,Tropa do Inguiça
128616,Durany
128607,Sørby eSport
128603,ex-Nordavind
128602,ex-AVEZ
128601,SOON
128600,Audacity
128599,Contact Light
128598,Ex-SPARX ESPORTS
128597,Ex-BRUTE
128596,Saints
128595,ex-Tenerife Titans
128594,Tarczyński Protein Team
128593,Manki
128592,MNA
128590,DBL PONEY
128571,Imaginative
128570,BlindTappers
128569,Corrupted
128568,Lets Go
128563,mCon
128550,EC Brugge
128548,NerVous
128535,Redragon Academy
128534,Nexus
128533,ECHO
128532,Rehl
128531,PAPERPLANES
128520,Enhanced Esports Club
128519,GenOne
128518,mYinsanity
128517,Make Your Destiny
128514,TPT
128513,Skolekorps
128512,Wizard esports
128511,Syre
128510,Midgard
128509,animegods
128508,Fact Revolution
128507,VOID NO
128506,Syremix
128505,Nordavind Talent
128504,Domino Esport
128503,Bitfix Gaming Academy
128502,Foxed
128468,Aztec47 e-sports
128467,Guns and Rage
128466,Ninja Academy
128465,Midway Esports
128464,OL
128463,GoBananas
128462,Sygytt
128461,TurMannen
128460,Gravediggers
128459,Granit
128458,Entreprenorerna
128457,hahahabror
128456,Denied
128455,moneytrees
128454,ex-familia
128453,planflyg
128452,Fit For Esports
128451,VIBE
128450,Headshot
128449,Wasted Potential
128448,Wicked Gaming
128447,Reckoning
128446,2ez Gaming
128441,Z-Zombies
128440,Watch This
128438,Tier 1 subs
128437,Olgod Efterskole
128435,YNITY
128434,AGaming
128433,eddy46
128432,struggletony
128431,forsinket5
128428,Extra Salt
128421,Pryde
128420,Kinship Ghost
128419,HeadShotKings
128418,Hc
128417,Flash Point
128416,Anonymo
128414,StylDunow
128413,UNICO Esports
128412,BEE
128411,cr1ps
128410,Trident
128403,FUAAAAARK
128402,RedFear Esports
128397,Batido de Sobra
128396,los ziemniakos
128395,AGF Esports Academy
128394,AaB esport
128387,Gucci Squad
128385,Ludens
128384,RUSH
128383,DREAMHOUSE
128382,SELECAO
128380,Bears
128378,Procyon Gaming
128377,Rebirth Esports
128376,Meta PY
128375,Team Yakuza
128374,Rytual
128373,9z Academy
128366,Triumphant Song
128341,Astralis Talent
128340,VELOX
128327,Young Ninjas
128326,Cult
128321,pARAMICE
128319,Clutch Rayn
128311,IQUE
128310,TontMakerMiikka
128309,Assault Hyökkäys
128308,croveNt
128307,Roots Gaming
128306,Unison
128305,Thug Life Brothers
128304,HYVAMIELI
128303,thatwaslegitness
128292,Method2Madness
128291,Team Penguin Overlords
128290,Horus Esports
128289,Flight Esports
128288,Rasta Gaming
128287,GLO
128286,Hypnotic Gaming
128285,Hyve Central
128284,Havik Esports
128283,Socially
128282,The Frag Factory
128281,Revenge
128280,ROYALS
128274,ORG LESS
128273,nomoney4haricut
128272,LZ
128271,iGnore
128258,Entropy
128257,TDS-eSport
128256,Team SkinBaron
128255,Ex-No Limit Gaming
128253,Vinkelparty
128252,4Boys1Alpha
128251,SoyboysxP
128250,Proud virgins
128249,Tiktokstruck
128247,schadE halt
128246,PLUSEINELO
128245,Unluko
128244,blinkerlinks
128243,Hammer
128242,Immortals
128241,ForGlory
128240,Zorka
128237,CYBER.MD
128236,The Incas
128235,Creep Gaming
128230,EC Kyiv
128229,Mixich
128228,Broderna145
128227,Falkn
128226,Animal Squad
128216,maNk
128198,DoMilk
128197,GroupChat
128196,Sylyx
128194,AngryTurkeys
128193,MyGame Esports
128192,wochhs
128191,BAD-BOY TEAM
128171,NG
128170,M1 Gaming
128169,ex-PENTA Sports
128168,Imperial Pro
128164,Project C
128163,pride
128162,NOFEAR5
128161,Cyberstorm Blue
128160,Violent Roses
128114,VRTX
128113,XSET
128110,777
128109,Bifrost
128108,Oilers
128107,Case
128106,Jaguares
128105,SEVERE
128104,Keyd Stars Academy
128102,Royal Republic
128101,AURA
128098,BEZ ZP
128084,ex-Panthers Never Surrend
128083,MAESTRO
128077,IN.GAME
128076,TurboP
128075,Dr. Pepper
128072,onliners5
128071,Project Eversio
128070,Marlian
128069,4glory
128068,DUSTY
128067,ONYX
128066,Gamelaxy
128065,Reece
128064,TBC
128062,ex-ETHEREAL
128061,Kaban
128050,Shock Bomb
128049,EAGLES
128048,ESIMED
128047,Kolossus
128042,JAMBON
128040,ex-LowLandLions
128039,webSPELL
128038,Semper Fidelis
128026,ex-Quantum Bellator Fire
128025,Royalty
128024,Team Medieval
128022,OB
128021,Team Zero
128020,1ADL
128019,ex-Mustang Crew
128018,Worst Enemy
128007,GROND
128006,Poland
128005,Good Game
128003,Atheris
128002,OverKnight
128001,STMN
127999,Wolves Crew
127998,Loto
127992,LESGEDI
127991,Godz1337
127990,grazhtas
127989,lvlUP
127981,Flayn eSports
127980,Vireo.pro
127979,CN-CQF
127977,DEPRESO
127976,Infinite
127975,Peak
127974,TTFU
127973,Impostors
127971,ThunderFlash Yellow
127970,Last Rites Gaming
127969,Farming Simulator
127968,AntyDPM
127967,ex-Team Excellency
127966,Liquid Biceps
127964,BLACK TOTEM
127960,Meta Gaming
127951,ISO Esports
127950,Golden Knights Gaming
127948,Accusata
127947,Stabæk Momentum
127945,Flisk
127944,Kombucha
127943,Sørby Flames
127942,flowskola
127940,Athena
127939,Baecon GG 4Gaming
127938,HauntedFamily
127937,Crazy Killerz
127935,EXEN
127934,retired5
127933,Sissi State Punks
127932,Integral Nation
127929,PGE Turow
127928,Russian Canadians
127927,Revenant
127926,GGPR
127916,TSG
127914,Vejle Instinct
127912,Jyderup Enigma
127911,MASONIC
127909,Last Tribe
127899,VP.Prodigy
127888,xDuDOG
127887,JoinTheForce
127886,Dogs
127885,4Elements
127884,Undead Gaming
127883,New Pampas
127882,Malvinas
127881,Sinister5
127880,DNMK
127879,HERCEGNOVI
127877,ex-Blessed Esports
127876,Fenrir
127875,Deportivo
127871,DIVIZON
127870,Cowana
127869,Depth
127868,Wings Up
127866,Cohesion
127865,MBAPPEEK
127864,cismix
127863,After
127862,Az
127853,5ks
127847,LOG
127845,BRUNOLOPES
127844,Dame Time
127843,UMX
127842,RADIX
127841,NoPurplesAtTOB
127840,LAKERS
127839,CrazyCrew
127838,Gaminate
127837,los kogutos
127829,TOOMUCHVIDEOGAMES
127828,SAWO
127827,Jerseyboys
127826,Incognito
127825,Rooster 2
127824,ex-Incept
127823,Lese
127822,ex-Blessed
127821,Save's
127820,UCAM Esports Club
127819,Dogmination
127818,ZEROZONE
127817,QLASH
127816,PRIZMV
127815,Panthers Never Surrend
127814,UBITEAM
127813,Newhappy
127812,seven.gg
127811,TKA E-Sports
127810,EPIC DUDES
127809,Secret Club
127808,ex-Warriors International
127807,Sixth Gear
127791,PriFu
127790,Fragbox Gaming
127789,SPARX
127788,Fly1nghirsch
127773,ex-Recon 5
127766,SJK eSports
127765,menestystarina
127764,KIZMOGAMINGCLUB
127763,YMCA Esports
127762,Radioactive
127761,biceps
127760,jyysto
127759,hirveatilanne
127758,FcottoNd
127757,VISU
127756,Entropiq
127752,Ballarat Bulldogs
127748,e-Galo
127745,eEriness
127744,Dark Tigers
127743,Enterprise
127742,R!OT
127741,Aftermind
127740,off mic plz
127739,Caught off Guard
127738,meww
127737,Project F
127721,K23
127720,Boomers
127719,bezotca
127718,Liberty
127717,Eros
127716,Doraemon
127715,Northern Forces
127714,Mike Tysons
127713,btr fanclub
127712,Eclipse
127711,Invictus Int
127706,Checkmate
127701,BENELUX5
127695,TCG
127694,Positive Vibes Only
127693,River Plate
127692,ex-Wygers
127690,CRNB
127655,ex-Levitate
127650,Rhyno
127649,selectah
127634,ETHEREAL
127633,Vega Squadron Academy
127632,circo
127631,Galaxy Racer
127630,Berzerk
127629,That's what she said
127628,silhouette
127627,Dangerous Game
127626,Able White
127625,Galaxy Racer fe
127624,Originem
127623,Giants fe
127622,SKADE fe
127621,Team DeftFox
127620,Arcane Wave
127617,Dragon Shark Gaming
127616,Baclerbi
127607,Lethal Divide
127605,Addice Inc.
127604,Supernova
127603,26 Rising
127602,Hyper
127601,ex-Polar Ace
127595,Wygers AR
127594,Estral
127593,Mineros
127592,L4ORG
127591,cooL Gaming
127590,Tikitakan
127579,GamerS1337
127578,QSKE
127577,Drove Here From Cali
127575,ex-SMASH
127574,MOSCOW17
127569,Rhein Neckar
127568,Adaptation
127557,Ultimate
127556,Asking Questions
127555,Mistaken Gaming
127554,Slick Devils
127541,High Coast
127540,GRAFICIARZE
127539,HOLLYWOOD
127538,Aalborg Rebels
127537,Ignite
127536,ECLOT
127532,ex-Morning Light
127526,GAN$O$
127525,999
127524,Real Betis SA
127514,Levitate
127498,GUNRUNNERS
127497,eSuba
127496,Sampi
127495,RAMS
127493,JMT
127492,Dok5
127491,Atlando
127484,ARG
127461,Vorpal Swords
127460,mens
127459,Springroll
127458,Wolsung
127457,Orgles5
127456,Project5 Esport
127455,Madeeka
127454,NAVI Youth
127453,London Esports
127448,HONORIS
127447,Control
127446,Prodigy
127444,Generation of Miracles
127443,MK
127428,epikk esports
127427,Boca Boston
127421,Nordavind NO
127420,Riddle
127419,Bitfrost
127417,ex-Wizards
127415,Excellency
127410,FWRD
127409,Wizards
127408,Queso
127407,Way 2 French
127406,Morning Light
127400,Justice
127398,TRUCKERS WITH ATTITUDE
127395,iwis
127394,Bantz
127393,Downfall
127392,Forbidden
127391,Overt
127390,esea open
127366,AGO NEST
127365,Sangal
127364,Swedish Canadians
127363,Cyberwolves
127362,Galactics ESC
127361,GTZ.Esports
127359,Warriors International
127353,Terro
127352,PLMIX
127350,DETONA Pound
127349,Paquetá
127348,ex-Airborne
127347,NerdRage
127338,Les Petits Bouffons
127337,ex-Vexed
127328,Keep the Comms Up
127327,Orion
127326,w2c
127324,TRVPREMESLO
127323,trepunktnoll
127322,JigadooD
127321,Heartless
127319,ztayhome
127318,pupsiki squad
127312,Eidos
127308,O2 Esports
127304,Zero.TSG
127302,Chrome Gaming
127301,CeX
127300,The Pensioners
127299,VAC
127298,Rebel
127293,Exalty
127292,Alltech
127291,Nicecactus
127290,One One Esport
127289,AMSTERDAM KINGS
127288,LAMIF
127287,Reünie
127286,Sateliti
127285,myNEC
127280,TRTRR
127279,BLINK
127263,Mustang Crew
127262,BLUEJAYS
127260,"blood, sweat, and tears"
127259,rozu
127258,Draconic
127257,ex-MC Academy
127256,Wygers
127255,Strange Tactics
127249,Bogatiri
127248,NoSurrender
127247,Keymotion
127246,Coscu Army
127245,HSL
127244,QLASH Forge
127243,HG Esports
127242,Manguste Esports
127241,ExAequo Italy
127240,Elites
127236,Broccoli & Chicken
127225,SKDC
127216,ex-UP
127215,Brave Soldiers
127214,Red Feet
127213,utopiaN
127212,Rise
127211,AdAstra
127210,timbermen
127209,Dans ta yeule
127208,Trivium
127207,Xternal Gaming
127206,Kinship Black
127205,Savage
127204,Neko Paradise
127203,RAIJIN
127202,Front
127200,Dogs of War
127199,Precision Esports
127198,Polar Ace
127197,Serac
127196,Lavender
127195,LuxGaming
127194,303 Esports
127193,Buffdaddy's Paypal
127192,Chetz
127188,KINGZZZ
127187,Lionz
127186,Babos
127185,Silent Gaming
127184,NoNamers
127183,mYinsanity
127182,Casa de Papel
127163,Cyber Legacy
127162,AA
127154,Campus Vejle * Flammen
127153,AliGon
127151,Infamous
127149,FunPlus Phoenix
127148,CRAZYCOCO
127147,NYYRIKKI
127146,VERTEX
127145,District 7
127144,ex-eUnited
127129,i sleep
127127,TIGER
127126,JustPassingBy
127125,MARKandLARRY
127124,Shidiots
127123,Entry
127122,In The Lab
127117,Lucid
127116,PenguinSmokeWeed
127115,Electrify Esports
127114,Rooster
127112,Lords of Plumbing
127111,HunkyDads
127110,Braintrust
127109,Eimi Fukada FC
127107,Aeroplane Gaming
127090,4 and a half men
127088,Umumba
127087,LevelZero
127086,Wings
127085,Nocturns
127084,LND
127083,Duck Nutz
127082,Sinisters
127081,FREEROX
127080,Under 21
127072,ex-INTZ
127062,Stepback
127061,kinetic
127058,IGEN
127055,Wubbalubbadubdub
127054,Born in Mongolia
127048,shinelikedemons
127046,Aim4R
127045,Updraft
127044,Ignis
127043,D13
127042,2K
127041,INTZ.Academy
127039,SpeedRunners
127038,dopeclvb
127037,Atlants
127036,EKATERINBURG
127035,fakeDOSPRO
127034,Fearow
127033,Hawks
127032,UP
127031,CPTL
127028,KYNYNIEKAT
127026,REHTI
127025,Swole Identity
127024,Rysix
127023,ex-skullz
127022,Polar Ace South
127020,E-Gaming
127019,NLG
127018,Brazen
127017,GameAgents
127016,TheDabers
127014,Sinners
127012,pax Gaming
127010,NO2B eSports
127009,SWS
127008,Rensga
127007,slashLEVEL
127006,TimeChasers
127005,AllTheRage
127004,1337HUANIA
127003,Sigma
127002,Yoink
127001,DEEZNUTS
127000,Wildcats
126999,ne parsya
126998,maslomaslo
126996,lapw
126995,fbg
126994,JiJieHao
126993,Very1ZGaming
126975,Ferox
126968,Hot Ass
126967,Orgless
126966,fakemaquinas
126965,Unluckers
126958,We Are Orgless
126957,New Patrol
126956,Super Nova CSGO
126955,Asterius
126954,Neverest
126953,Dynasty
126952,Salamander
126951,Prima
126950,Moon Daddy
126949,Klan Gadanych Głupot
126948,Dogsclvb
126947,UnlukoExpress
126946,Ha MaSSe
126945,EveryBodyDance
126944,1WIN
126943,Moscow Five Academy
126942,100PG
126924,Revolt
126905,ImPerium
126904,Prospects
126903,HT 1820
126902,Akatsuki
126899,BlinkDagger
126898,Space Jam
126896,SGINDOMIX
126895,ZIGMA
126894,ClownS
126885,Paper Rex
126884,Blank
126882,Ze Pug Godz
126881,FiveG
126880,Lyngby Vikings
126865,Bravos
126864,Skyfire
126856,Divine Vendetta
126847,c0ntact
126828,FreeStyle
126827,Incubus
126826,Supremacy
126825,RSC19
126824,Cephei
126823,Jokers
126822,Agarthas
126820,BLACK
126819,ex-Bizarre
126817,hardstuck main
126816,Fraggin4Praze
126815,ETHEREAL
126814,S2V
126813,EURONICS
126812,cisbots
126807,Hard4U
126806,HZ
126798,TRIDENT
126797,Formidable
126796,Avengers
126793,No Problem!
126792,Demolition Crew
126791,Esper
126790,ROCK CANDY
126781,Skin Ogres
126780,Axis
126779,spray'n'pray
126778,eL'quvet
126777,Akatsuki
126775,Incept
126774,Airborne
126771,Yeah
126770,Station7
126769,Russian Street Party
126768,2Be Continued E-Sports
126767,Astro
126766,OneGodLike.Jr
126765,DreamSeller
126764,Armory Gaming
126763,NoName.newgen
126762,Saskatoon Warriors
126758,Maple
126757,7Sins
126756,ex-iNTACT
126755,Apeks
126754,MeAndTheBoys
126753,ex-Ambush
126745,Impunity
126744,A Point
126743,GMCC
126740,Darkhorse
126739,Mazaalai
126738,SAW
126727,Recon 5
126726,Just For Fun
126720,In Young Ren
126718,Rocketlauncher$
126716,SG.pro
126715,Project X
126714,FURIA Academy
126713,ex-Intic
126712,NOORG
126711,Evolve
126710,Rejected
126709,9z
126700,RADNICKI
126699,Nexus
126698,Budapest Five
126697,ex-Virtus.pro
126695,ad hoc
126694,BIG Academy
126687,Empire
126686,CSGO-MDL
126685,J Money Crew
126684,New England Whalers
126683,call it luck
126682,Bad News Bandits
126678,Arrow
126677,Daryl's make a wish
126676,RBG
126675,Third Impact
126673,Gorilla Gang
126672,Big Chillin
126671,Asuna's Anime Aimers
126670,The Home of the Grave
126669,Eco Fraggers Anonymous
126668,UCF Knights
126667,Cyberstorm
126666,Kinship
126665,ちんぱんじ～
126657,Touch The Crown
126656,Reapers
126655,Evidence
126652,4Bowie
126647,Macau Legend
126646,L9L
126643,DMC
126642,SuperOVD
126641,SHIFT
126640,Cataclysm
126639,DivisionX
126638,Rebirth Esports
126637,Oceanus
126636,Thunder Logic
126635,Faint
126634,AGF
126633,Unicorns of Love
126632,PRINCEADIL
126625,Owned
126624,Brute
126623,Real Betis
126622,KPI
126614,Gen.G
126613,Juggernauts
126612,KiM Kardashians
126611,Vicious Adikta
126610,ARMADA
126609,nebuloza
126608,PSYCHOACTIVE
126607,gejming haus aula
126606,OutLawZ
126605,AVEZ
126601,Legion Gaming
126600,skippy the kangaroo
126599,Mako
126598,Instinct China
126597,Corvidae
126596,srry4waht
126590,fightclub
126589,Sons Of Lennart
126588,YouClap
126587,Electronik Generation
126586,Baecon
126585,dream[S]cape
126584,OG
126562,Apologis
126561,HellSide
126560,TheDice
126559,Goliath
126558,5orgless
126551,ARCY
126544,Finest
126543,og3od
126542,FIREMIX
126541,Gaming Hub
126540,Global
126539,BL4ZE
126534,Plan A
126533,ex-Genuine
126526,Tenerife Titans
126525,Vanguard
126524,Game Fist
126523,Sector One
126521,Secret
126520,Camel Riders
126519,RvN
126518,Viboras
126517,Ratatatata
126516,Tunisia
126515,ENRAGE
126514,Pompa Team
126513,Soberano
126512,RUFUS
126511,Santos
126510,Falkol
126509,Alma
126508,maquinas
126507,Endpoint
126506,Wind and Rain
126505,Fierce
126504,MAD Lions
126503,EXILE
126502,MELBET
126501,Red Instinct
126500,SILENT
126499,2BYL9
126496,Bring Me The Horizon
126495,Kryvbas
126494,MAJESTY
126492,Akuma
126491,NAVI Junior
126484,R-Stars
126481,Wild
126480,VodkaJuniors
126477,Revolution
126476,Uzbekistan
126475,Project Major
126474,Galkynysh
126471,For The Win Esports
126470,eXploit
126469,JESTE
126468,uNiQUE
126467,Vilay
126466,2115
126465,EXTREMUM
126464,Triumph
126462,FATE
126461,ex-BLUEJAYS
126460,Rugratz
126459,MiTH.Maple
126458,AUGUST
126455,OPAA
126453,Yalla
126452,100 Thieves
126451,ex-Windigo
126449,Syntax
126448,ahq
126447,Let's Quit
126446,LaZe
126445,BOOM
126444,ikarus
126443,Bren
126442,Brave of Warriors
126441,D7G
126440,Aster
126439,Lynn Vision
126426,Wartex International
126425,Blekingelaget
126424,Another Bad Habbit
126423,Ninjas To Be
126422,bobbys bjässar
126421,Man of the Year
126420,Starwish eSports
126419,ale fan club
126418,Valorix
126417,Lilmix
126416,Marskalk
126415,Crowns
126414,visomvet
126413,Latchlinan
126412,DenDD
126411,lumens
126410,pt1SE
126409,rova-
126408,9INE
126407,No Expectation
126406,onOFF
126405,EsportsAdviser
126384,x6tence
126379,CLEANTmix
126377,Imperial
126376,Wisla Krakow
126375,Conquer
126374,OneThree
126373,EHOME
126372,MC
126371,ex-Singularity
126365,Phoenix
126364,Asterion
126363,Hard Legion
126358,Ben's Anime Team
126337,catman
126322,HUKKA
126321,MenaceGG
126320,ajuri
126319,Veto
126318,KOVA
126317,hREDS
126293,Invictus Gaming
126292,BTRG
126291,really weird
126290,Bpro
126288,SKADE
126287,Nordavind
126282,Divine
126281,Ascent
126280,Dippers
126279,Buckets
126278,FURY
126277,SYF
126276,rewound
126274,Jade
126273,Parallax
126272,Hentai Hooligans
126271,Bizarre
126270,ZOOWEEMAMA
126269,madlikewizards
126268,PC419
126267,Genuine
126266,LiViD
126265,Rap Gang
126264,Just Swing
126262,Bushido Boyz
126260,Big Frames
126259,Monstars
126257,Peeker's Advantage
126254,New Identity
126253,Riot Squad
126252,MAC-51
126234,Se7en eSports
126233,Evil Geniuses
126232,m1x
126231,Espada
126227,RED Canids
126218,ex-Luminosity
126217,Ambush
126216,Japaleno
126211,GAMERZONE
126210,adwokacik
126209,E-RIVALS
126208,Illuminar
126207,SMASH
126200,Demise
126188,Turkey5
126155,ex-Epsilon
126152,Warthox
126151,Unique
126150,Gambit Youngsters
126149,DreamEaters
126148,FFAmix
126147,Heretics
126104,NoChance
126082,OFFSET
126077,CR4ZY
126006,FrenchFrogs
126004,Instinct
126001,Aristocracy
125981,Giants
125955,Redemption POA
125929,W7M
125903,Infinity
125889,Squared
125874,AVANT
125873,Ground Zero
125871,Lucid Dream
125870,Entity
125869,Athletico
125868,Breakaway
125867,Paradox
125866,DETONA
125863,Isurus
125860,Lazarus
125859,ATK
125847,GamerLegion
125828,ex-3DMAX
125817,France fe
125815,Lazarus fe
125811,Hysteria
125810,ArkAngel fe
125807,Those Damn Canadians
125806,TYLOO fe
125805,Infamous
125804,iNTACT
125803,The Quest
125802,Party Astronauts
125801,Mythic
125800,Zone
125799,Final Feature
125798,Chaos
125797,x-kom
125795,Ukraine
125794,ENZO
125791,TNC
125788,WARDELL N Friends
125787,Russia
125786,Panda
125785,Movistar KOI
125784,Altima
125783,Viva Algeria
125781,Absolute
125780,FrostFire
125779,Furious
125778,Denial
125777,Singularity
125776,GTV.Revolution
125775,Copenhagen Flames
125774,HAVU
125773,Codewise Unicorns
125772,Izako Boars
125771,Defusekids
125770,PACT
125768,SJ
125761,MASSIVEimpact
125758,Ancient
125755,devils.one
125753,Bad News Bears
125751,paiN
125745,Carnage fe
125744,Besiktas
125743,Crowns fe
125742,CLG Red
125741,paiN fe
125740,Assassins
125739,Orgless fe
125738,Dignitas fe
125540,Old Guys Club
125071,Tricked
124530,FURIA
124528,GOSU
124527,Beyond
124526,Aequus
124525,Runtime
124524,Syman
124523,Spirit
124522,Nemiga
60205,NASR
60204,ECL
60203,eNergy
60202,Chosen5
60201,forZe
60200,ShotCallers
20808,x6tence Galaxy
8186,5POWER
5907,pro100
5793,TeamOne
5792,Alpha Red
3455,Vitality
3440,Torqued
3431,Swole Patrol
3425,ex-Space Soldiers
3424,Spacestation
3396,Imperial
3395,Fragsters
3394,Sprout
3393,Winstrike
3392,Não Tem Como
3391,INTZ
3390,Windigo
3389,Rogue
3388,eUnited
3387,AZIO
3386,Ghost
3333,Selfless
3332,Echo Fox
3331,Quantum Bellator Fire
3330,Bravado
3329,Planetkey
3328,myXMG
3327,Clan-Mystik
3326,UniversalSoldiers
3325,Recursive
3324,LGB
3323,Xapso
3321,Reason
3320,Astana Dragons
3318,3DMAX
3317,Hawks
3316,Absolute Legends
3315,Dynamic
3313,Vexed
3312,Valiance
3311,CSGL
3310,Complexity
3308,iRAGE
3307,Nostalgie
3305,BX3
3304,myRevenge
3303,EYES ON U
3302,Server-Forge
3301,Curse
3300,KILLERFISH
3299,ALTERNATE aTTaX
3298,WRTT
3296,plan-B
3295,Lemondogs
3294,Temp.no
3293,Anexis
3292,Epsilon
3290,Quantic Gaming
3288,Virtus.pro
3287,Western Wolves
3286,VG.Flash
3285,AGO
3284,CyberZen
3283,ex-Titan
3282,UYA
3281,MVP Project
3280,GODSENT
3279,VG.CyberZen
3278,Vega Squadron
3277,Splyce
3276,ViCi
3275,Chiefs
3274,AVANGAR
3273,ORDER
3272,TheMongolz
3271,E-frag.net
3270,Tempo Storm
3269,Legacy Gaming
3268,ProGaming.TD
3267,LowLandLions
3266,ESC Gaming
3265,FMESPORTS
3263,n!faculty
3262,Area 51
3261,VeryGames
3260,Sharks
3259,MVP PK
3258,Grayhound
3257,Misfits
3256,NRG
3253,PENTA
3252,BOOT-d[S]
3251,ENCE
3250,MIBR
3249,BIG
3248,TYLOO
3247,Space Soldiers
3246,Heroic
3245,Immortals
3244,OpTic
3243,Immunity
3242,eBettle
3241,Renegades
3240,MOUZ
3239,FlipSid3
3238,Kinguin
3237,Wolves
3236,London Conspiracy
3235,dAT
3234,Vox Eminor
3233,CPH Wolves
3232,iBUYPOWER
3230,LDLC
3229,Conquest
3228,Luminosity
3227,?
3225,Keyd
3224,CLG
3223,Cloud9
3222,Envy
3221,Titan
3220,TSM
3219,HellRaisers
3218,NIP
3217,fnatic
3216,Natus Vincere
3215,Dignitas
3214,Gambit
3213,Liquid
3212,FaZe
3211,North
3210,G2
3209,Astralis
3207,SK
134912,ALL-IN
134908,Flying Angels
134906,akceptuj
134907,Team LRP Poland
134905,Back2TheGame
134903,Team Flow
134902,Strike Force
134891,Looking For Org
134914,Veni Vidi Vici
134964,Favbet
134960,OneMore eSports
134961,TIME DE PESO
134962,ex-Martians
134945,eSports Recife
134939,VIOLET
134938,Permitta W
134940,Crescent
134936,5bites
134944,Full House Gaming
134937,ex-FORZE Ladies
134949,REV3NGE
134947,ex-KRC Genk
134946,Sensei Team
134943,bebidarosa
134919,TGD Pro
134918,Mixzada
135011,Smart Walrus
135010,5goblinz
135009,polizej
135008,ZEROvariant
135007,4epel7axuHuHd39
135006,TOR
135005,Imperial Valkyries
135004,Quixal
135000,United E-sports
134999,Alcateia Esports
134998,BANG
134997,CS ao Contrario
134996,VOLT
134995,5W Gaming
134994,Necrotic Esports
134993,Wolves eSports
134992,TSM Impact
134970,LaChampionsLiga
134969,TEAM ORUGA
135041,Imperial Female
135029,Tropic
135028,Lore Gaming
135027,Perseverance Gaming
135026,ENCE Prospects
135042,ex-2GAME
135043,Asian Kings
135063,GOT
135062,Kubix Esports
135061,618
135073,SamuraiS
135072,Joga de terno
135071,MX Team
135064,Fraud5
135094,ASTRONAVTI
135093,pByTy3
135092,ALLINNERS
135095,Madness
135110,ex-Guild Eagles
135111,Vibe
135122,Gods Weird
135116,LE-LUX Esports
135126,FORZE Reload
135114,THE
135133,Versagertrupp
135131,BLUEJAYS Prodigy
135132,29avgAlter
135134,1H Gaming
135153,RG-QingQiu Esports
135161,ex-5W
135162,Boring Players
135165,HSG Academy
135164,Change The Game
135163,Bromo
135173,Smoke Gaming
135172,x7 Team
135171,CARD
135175,Locke's Kittens
135174,awesome arcade
135177,BC.Game Esports
135189,personaa
135188,h8sokks
135187,Amigos de T2M4SS
135180,Dragon esports
135179,Chroma
135190,Bad News Chickens
135206,France
135209,Switzerland
135208,Latvia
135200,Georgia
135204,Azerbaijan
135202,Moldova
135199,Montenegro
135203,Bulgaria
135198,Greece
135207,Iceland
135205,Slovenia
135201,Belarus
135197,Turkey
135213,500 Rush
135215,Meteor
135214,Alter Ego
135219,Nomads
135218,KENLA Gaming
135217,běhaCZka
135216,YENKEE Academy
135220,The Art of War
135225,The Boys
135224,Belfast Storm
135223,ex-EXO Clan
135222,GIGA
135221,coldfeet
135252,Caturai
135251,LoS Pistoleros
135250,crunchybagels
135249,Kraken
135248,edgebugoffsilo
135247,ViEnDi
135246,Little Red Gang
135245,Penance
135244,Heracles
135243,BBL Drizzy
135242,Spin da Block
135241,--------------a
135240,Razed Esports
135239,The Plague
135238,EX13
135237,main gamers
135236,Prism
135234,Waterboarding Fan Club
135233,Hite Gaming
135232,LONG SEASON
135231,MarcaRegistrada
135230,Team Aether
135229,GuangdongTigers
135228,GameIsGame
135227,ENJOY
135226,ITB Academy
135276, Elite Klan Violet
135275,OneDay
135274,dreamcatchers fe
135273,Wildcard
135288,Nitro GG
135280,Victory Royale
135279,GRIPPY
135278,BCGAME
135277,Power Bears
135302,Subtick Eaters
135301,jahsdnmasjdm
135299,Insiders
135298,K27
135320,Uruguay
135319,Chile
135318,Costa Rica
135317,Ecuador
135316,Canada
135315,Honduras
135306,Patins da Ferrari Academy
135305,street dogs
135321,G2 Ares
135325,Gui Su
135322,The Blade
135328,FreshFood People
135327,Above The Rest
135326,Wingman
135337,ex-Perseverance
135329,Clock Gaming
135338,XP Academy
135339,Talon
135340,Phoenix
135342,WOPA Impact
135347,APUROESKBIO
135346,TOR
135345,No Pauses
135344,Dream Fire
135343,Workin on it
135349,The Spells
135372,wwaves
135371,charizards
135381,Apogee Esports
135380,ex-Pera Esports
135387,Lycus Empire
135396,Lagby Gooners
135395,KILLBOX
135394,regeltre
135393,deathsquad
135392,W A R C U B E
135391,privateshow
135390,Northern Lights
135389,NIP Svea
135388,Housebets
135400,ex-Sensei Team
135399,Galorys Academy
135398,AMIGOS
135404,ROFLAN SQUAD
135403,VNT
135402,unemployed
135421,Qiang
135422,Priority
135432,UnluckyMuch?
135427,Shanghai Sharks
135429,Abyss
135431,The Punishers
135428,SemperFi Esports
135430,DRILLAS
135425,Unjustified Impact
135433,Só os do JOB
135450,Regnum4Games
135451,Oni CLAN
135441,Teamwork
135440,SUBUTAI
135442,XNL Gaming
135435,ONi
135439,Glamour
135436,Revenge
135434,Niory
135437,Victores Sumus
135456,Blue Otter Karma
135460,Aware Impact
135455,Capivaras
135459,Imp Pact
135458,Lotus
135457,Lumen
135452,inSanitY Female
135454,Peak Academy Fe
135453,thekillaz
135461,Al-Ittihad
135462,Superfkrs
135468,ShindeN
135474,Fire Flux Esports
135477,TF FRAUDS
135479,SIUUUUUU
135478,cspojat
135497,WW Team
135496,FLUFFY MAFIA
135498,BOGATYRI
135505,RED Canids Academy
135504,TROPA DOS 7
135506,Dangerous
135510,ex-Enterprise
135513,ex-eSports Recife
135511,Spotless
135512,CPH Wolves Academy
135514,NeverPlay
135515,Turritos
135524,ex-eSports Recife
135551,20/70
135552,Romanos
135554,4wb
135553,Souls Heart
135565,error404
135564,GOSTIVAR
135572,Gucci Gang
135573,Impulse GW
135580,Game Hunters
135579,RazDva
135587,Monarch Realm
135589,Kipi
135586,Exceed
135588,Synthesis
135590,SkyFury
135600,pikejagarna
135599,knaeskydd
135633,BeerLeagyue
135632,HoleSmokers
135631,MB University
135630,h0pe1ess
135629,RedactedSociety
135628,shibals sheep
135627,DiRTJaCKeRz
135626,GOON SQUAD
135625,BelieveTheHype
135624,who cares
135623,Team Hyper
135622,MercedesSpoiler
135621,Bangers
135620,Immigrants Peek
135619,FRAUDS ACADEMY
135618,BACKWHENEVER
135617,Alter Iron Club
135616,Kay Team
135601,ex-DNE Thunders
135673,Nuclear TigeRES
135689,Radiance
135650,Annex Esports
135690,8Sins
135669,8Sins
135667,UNPAID
135647,Mission Possible
135648,Bardghi 5
135666,100K
135649,TRAXXXMANIA
135646,Insomnia
135634,Daystar
135688,ins
135668,Spin the block
135635,Les Bowlcuts
135701,Madagaskar
135720,Slugy's Shekel Squad
135719,Fisher Tsunami
135709,ex-9INE Academy
135700,FRAUDS SEASON
135699,The Gentelmen Esports
135724,Flourish Gaming
135725,Team Leveling
135726,RUSTEC
135728,Heavenly Spirits
135727,Goon Goblins
135729,Regnum
135744,TROPA DO TACO
135743,BESTIA Academy
135741,América eSports
135742,SovvyKiNG
135740,Icons
135739,Coxos
135748,Bad Boys
135747,Make Your Mind
135758,Take Flyte Kings
135759,Ex-Sport
135786,Kazakhstan
135787,South Africa
135785,Jordan
135789,Kweez
135788,FORTIS
135790,G Leaguers
135791,bruh
135804,drugs n pugs
135807,Floripa Stars Academy
135806,Smoke Academy
135834,CS2News
135833,undone
135852,Iran fe
135851,Kazakhstan fe
135853,South Africa fe
135848,Argentina fe
135850,Hong Kong fe
135849,Australia fe
135843,Spain fe
135841,Denmark fe
135839,United States fe
135846,Sweden fe
135845,France fe
135838,Portugal fe
135847,Canada fe
135844,Norway fe
135842,Netherlands fe
135840,Poland fe
135889,Exceritus
135893,Haspers LFO
135905,SweetBonanzers
135912,POWERmix
135915,DEPO
135914,KZ Esports
135913,Diamant Esports
135917,K27 Female
135974,DB Peek Esports
135983,Genesium
135979,BRODA
135978,eternal premium
135980,ex-eClub Brugge
135976,ZennoX
135982,Cerberus eSports
135981,Donstu Esports
135977,NEVERMORE
136013,JackBoyz
136008,lays
136002,Fisher College
136014, Perfect Storm
136012,DEVASTATION
136007,BTC Investors
136004,Not Mythic
136011,theboyz
136006,What's for Dinner
136003,Anti-Eco Club
136005,ROOMBA PEEK
136023,Never Say Never-
136025,Rebound
136024,FengDa Gaming
136029,Fake do Biru
136041,megoshort
136050,P0RTUGAL
136052,BMTH
136059,POOHANK
136058,GENESIS
136057,M1Z
